station,years,longitude,latitude,total_crimes,murder,rape,robbery,assault_gbh,carjacking,property_crime,contact_crime
aberdeen,2008,24.06098,-32.47634,328,3,11,4,69,0,166,118
aberdeen,2009,24.06098,-32.47634,350,5,7,6,67,1,181,114
aberdeen,2010,24.06098,-32.47634,280,4,10,9,53,0,133,93
aberdeen,2011,24.06098,-32.47634,320,4,6,4,62,0,197,91
aberdeen,2012,24.06098,-32.47634,296,6,5,1,57,0,156,89
aberdeen,2013,24.06098,-32.47634,309,10,15,6,54,0,131,102
aberdeen,2014,24.06098,-32.47634,399,5,9,11,78,0,182,118
aberdeen,2015,24.06098,-32.47634,433,9,13,21,87,0,169,163
aberdeen,2016,24.06098,-32.47634,430,5,8,27,61,0,217,100
aberdeen,2017,24.06098,-32.47634,380,3,6,18,58,0,199,93
aberdeen,2018,24.06098,-32.47634,361,2,10,21,54,0,173,104
aberdeen,2019,24.06098,-32.47634,344,3,8,10,60,0,159,107
aberdeen,2020,24.06098,-32.47634,397,4,6,14,48,0,189,98
aberdeen,2021,24.06098,-32.47634,327,8,3,14,46,0,151,84
aberdeen,2022,24.06098,-32.47634,397,9,3,10,62,0,192,106
acornhoek,2008,31.04835,-24.5971,2131,23,114,243,364,16,951,635
acornhoek,2009,31.04835,-24.5971,1954,28,128,269,348,20,781,661
acornhoek,2010,31.04835,-24.5971,1965,22,125,194,359,3,810,667
acornhoek,2011,31.04835,-24.5971,2016,26,140,243,344,10,753,657
acornhoek,2012,31.04835,-24.5971,1750,19,113,127,299,9,758,541
acornhoek,2013,31.04835,-24.5971,1768,22,127,201,276,5,671,539
acornhoek,2014,31.04835,-24.5971,1708,20,135,256,232,11,523,506
acornhoek,2015,31.04835,-24.5971,1966,12,105,244,309,13,686,594
acornhoek,2016,31.04835,-24.5971,2225,24,105,440,254,17,715,551
acornhoek,2017,31.04835,-24.5971,2133,27,86,386,212,27,646,486
acornhoek,2018,31.04835,-24.5971,2229,31,86,407,301,31,662,604
acornhoek,2019,31.04835,-24.5971,2249,19,114,394,277,18,816,599
acornhoek,2020,31.04835,-24.5971,2151,33,84,460,283,34,763,624
acornhoek,2021,31.04835,-24.5971,2156,35,113,410,309,40,687,765
acornhoek,2022,31.04835,-24.5971,2230,37,76,524,309,52,663,692
actonville,2008,28.29975,-26.21198,1988,22,52,401,395,26,530,695
actonville,2009,28.29975,-26.21198,1857,27,51,245,289,31,672,596
actonville,2010,28.29975,-26.21198,1493,17,42,184,239,26,487,469
actonville,2011,28.29975,-26.21198,1391,16,48,155,208,14,476,424
actonville,2012,28.29975,-26.21198,1484,11,29,167,188,13,548,364
actonville,2013,28.29975,-26.21198,2022,17,40,252,241,18,584,436
actonville,2014,28.29975,-26.21198,1936,21,36,287,270,21,612,482
actonville,2015,28.29975,-26.21198,1602,10,28,222,261,24,497,456
actonville,2016,28.29975,-26.21198,1801,20,32,216,252,26,608,426
actonville,2017,28.29975,-26.21198,1940,24,38,187,248,13,638,419
actonville,2018,28.29975,-26.21198,1631,30,29,194,207,13,527,383
actonville,2019,28.29975,-26.21198,1735,33,33,286,172,39,450,374
actonville,2020,28.29975,-26.21198,1361,33,19,179,150,18,392,322
actonville,2021,28.29975,-26.21198,1394,32,29,210,174,36,338,381
actonville,2022,28.29975,-26.21198,1397,38,35,200,172,18,293,400
addo,2008,25.69029,-33.54769,1037,10,45,52,199,0,464,377
addo,2009,25.69029,-33.54769,1013,13,47,84,191,2,447,336
addo,2010,25.69029,-33.54769,980,14,45,81,215,0,468,348
addo,2011,25.69029,-33.54769,859,18,51,117,194,1,296,345
addo,2012,25.69029,-33.54769,934,11,56,93,187,0,408,334
addo,2013,25.69029,-33.54769,973,17,44,65,174,0,458,309
addo,2014,25.69029,-33.54769,965,22,72,94,155,0,407,334
addo,2015,25.69029,-33.54769,862,20,50,68,150,0,368,294
addo,2016,25.69029,-33.54769,783,25,30,50,127,0,320,258
addo,2017,25.69029,-33.54769,693,17,37,42,94,1,288,205
addo,2018,25.69029,-33.54769,933,10,49,86,140,0,414,278
addo,2019,25.69029,-33.54769,979,18,41,108,162,0,443,314
addo,2020,25.69029,-33.54769,936,21,41,93,140,0,436,289
addo,2021,25.69029,-33.54769,907,21,42,71,172,1,350,325
addo,2022,25.69029,-33.54769,1018,20,42,114,159,1,423,321
adelaide,2008,26.29255,-32.70725,577,6,9,22,107,0,284,186
adelaide,2009,26.29255,-32.70725,495,5,13,21,119,1,219,166
adelaide,2010,26.29255,-32.70725,528,5,13,10,96,0,261,162
adelaide,2011,26.29255,-32.70725,515,6,15,37,93,1,229,150
adelaide,2012,26.29255,-32.70725,484,7,11,32,82,0,238,129
adelaide,2013,26.29255,-32.70725,458,5,13,27,81,0,200,134
adelaide,2014,26.29255,-32.70725,539,8,15,33,75,0,273,136
adelaide,2015,26.29255,-32.70725,443,10,16,20,75,0,199,124
adelaide,2016,26.29255,-32.70725,469,7,15,38,58,0,217,111
adelaide,2017,26.29255,-32.70725,412,6,6,34,64,0,151,105
adelaide,2018,26.29255,-32.70725,459,8,10,30,60,0,197,115
adelaide,2019,26.29255,-32.70725,484,6,15,37,65,0,191,122
adelaide,2020,26.29255,-32.70725,409,5,9,29,44,0,189,97
adelaide,2021,26.29255,-32.70725,448,8,15,27,67,0,200,139
adelaide,2022,26.29255,-32.70725,260,6,7,20,45,0,96,82
afsondering,2008,28.96145,-30.16502,339,9,10,12,60,0,181,95
afsondering,2009,28.96145,-30.16502,439,5,14,6,81,0,232,132
afsondering,2010,28.96145,-30.16502,324,11,11,8,58,0,165,107
afsondering,2011,28.96145,-30.16502,427,9,11,22,72,0,222,127
afsondering,2012,28.96145,-30.16502,437,6,16,15,69,0,221,125
afsondering,2013,28.96145,-30.16502,343,14,13,13,60,0,158,111
afsondering,2014,28.96145,-30.16502,390,15,7,27,58,0,189,106
afsondering,2015,28.96145,-30.16502,320,9,22,23,54,0,150,102
afsondering,2016,28.96145,-30.16502,315,18,13,22,54,0,143,100
afsondering,2017,28.96145,-30.16502,314,4,20,43,59,1,132,100
afsondering,2018,28.96145,-30.16502,301,7,8,28,51,2,150,77
afsondering,2019,28.96145,-30.16502,245,6,13,17,37,0,120,69
afsondering,2020,28.96145,-30.16502,260,12,17,16,54,0,107,99
afsondering,2021,28.96145,-30.16502,222,20,15,12,36,1,93,85
afsondering,2022,28.96145,-30.16502,227,11,17,15,45,0,62,101
aggeneys,2008,18.84713,-29.24206,74,0,0,0,7,0,26,14
aggeneys,2009,18.84713,-29.24206,59,1,0,0,7,0,25,19
aggeneys,2010,18.84713,-29.24206,52,0,1,0,3,0,18,18
aggeneys,2011,18.84713,-29.24206,60,1,2,2,5,1,23,15
aggeneys,2012,18.84713,-29.24206,53,0,1,0,8,0,9,29
aggeneys,2013,18.84713,-29.24206,65,1,0,0,4,0,12,21
aggeneys,2014,18.84713,-29.24206,67,0,0,1,10,0,19,25
aggeneys,2015,18.84713,-29.24206,65,0,3,0,7,0,19,20
aggeneys,2016,18.84713,-29.24206,53,1,1,0,2,0,14,9
aggeneys,2017,18.84713,-29.24206,63,0,1,1,1,0,19,8
aggeneys,2018,18.84713,-29.24206,75,0,1,1,2,0,31,13
aggeneys,2019,18.84713,-29.24206,62,0,1,0,5,0,18,12
aggeneys,2020,18.84713,-29.24206,40,0,1,0,2,0,6,6
aggeneys,2021,18.84713,-29.24206,60,0,0,1,4,0,8,13
aggeneys,2022,18.84713,-29.24206,45,0,1,0,3,0,12,8
akasia,2008,28.09538,-25.62571,6705,51,133,1006,501,79,3577,1240
akasia,2009,28.09538,-25.62571,7303,37,160,1126,630,67,3689,1494
akasia,2010,28.09538,-25.62571,7338,37,139,1006,663,69,3982,1329
akasia,2011,28.09538,-25.62571,7373,28,159,838,601,60,4134,1291
akasia,2012,28.09538,-25.62571,7497,32,172,943,592,56,4183,1265
akasia,2013,28.09538,-25.62571,8538,32,162,1154,427,78,4347,1234
akasia,2014,28.09538,-25.62571,7331,40,125,1180,245,117,4280,783
akasia,2015,28.09538,-25.62571,6819,25,100,1089,300,102,3711,947
akasia,2016,28.09538,-25.62571,6972,38,105,1391,403,148,3575,1043
akasia,2017,28.09538,-25.62571,6418,32,88,1141,486,82,3277,1085
akasia,2018,28.09538,-25.62571,7207,42,123,1336,473,129,3301,1199
akasia,2019,28.09538,-25.62571,6962,26,122,1343,457,127,3321,1145
akasia,2020,28.09538,-25.62571,5918,41,89,1350,429,138,2602,1143
akasia,2021,28.09538,-25.62571,6532,45,106,1635,548,173,2586,1334
akasia,2022,28.09538,-25.62571,6405,50,97,1636,496,184,2513,1356
albertinia,2008,21.58325,-34.2086,405,3,9,4,48,0,100,134
albertinia,2009,21.58325,-34.2086,529,3,9,2,50,0,115,139
albertinia,2010,21.58325,-34.2086,485,5,8,3,41,0,86,108
albertinia,2011,21.58325,-34.2086,619,1,12,7,56,0,126,134
albertinia,2012,21.58325,-34.2086,683,4,16,7,50,0,180,174
albertinia,2013,21.58325,-34.2086,642,2,10,11,65,0,229,171
albertinia,2014,21.58325,-34.2086,639,3,9,17,58,0,163,149
albertinia,2015,21.58325,-34.2086,755,1,12,22,67,0,273,182
albertinia,2016,21.58325,-34.2086,747,3,13,19,61,0,250,161
albertinia,2017,21.58325,-34.2086,768,2,6,11,63,0,229,156
albertinia,2018,21.58325,-34.2086,642,2,8,15,58,0,246,147
albertinia,2019,21.58325,-34.2086,661,3,5,22,47,0,295,145
albertinia,2020,21.58325,-34.2086,799,1,7,9,55,0,345,160
albertinia,2021,21.58325,-34.2086,861,3,5,6,78,0,403,176
albertinia,2022,21.58325,-34.2086,1014,4,4,10,75,0,405,175
alberton,2008,28.12692,-26.26088,7055,14,28,800,191,57,4118,799
alberton,2009,28.12692,-26.26088,7105,23,46,898,240,92,4164,769
alberton,2010,28.12692,-26.26088,5893,25,54,715,279,80,3313,748
alberton,2011,28.12692,-26.26088,5304,23,52,586,231,86,2954,695
alberton,2012,28.12692,-26.26088,5185,6,36,627,211,68,2975,585
alberton,2013,28.12692,-26.26088,5694,18,41,790,211,103,3237,604
alberton,2014,28.12692,-26.26088,5793,25,52,781,197,69,3260,629
alberton,2015,28.12692,-26.26088,5719,22,38,820,225,78,3054,645
alberton,2016,28.12692,-26.26088,5841,28,53,886,207,79,2987,655
alberton,2017,28.12692,-26.26088,5794,20,46,889,155,73,2921,603
alberton,2018,28.12692,-26.26088,5907,33,34,937,159,135,2982,642
alberton,2019,28.12692,-26.26088,5537,20,55,866,136,136,2668,589
alberton,2020,28.12692,-26.26088,4626,29,48,793,154,138,2278,550
alberton,2021,28.12692,-26.26088,4909,43,33,905,183,135,2278,617
alberton,2022,28.12692,-26.26088,4885,59,47,837,173,115,2249,652
"alexander bay",2008,16.49218,-28.60706,215,3,4,2,28,0,93,66
"alexander bay",2009,16.49218,-28.60706,117,1,5,0,25,0,38,48
"alexander bay",2010,16.49218,-28.60706,122,1,6,3,12,0,40,51
"alexander bay",2011,16.49218,-28.60706,142,2,3,1,28,0,51,54
"alexander bay",2012,16.49218,-28.60706,97,1,1,1,20,0,34,34
"alexander bay",2013,16.49218,-28.60706,133,0,4,3,22,0,48,45
"alexander bay",2014,16.49218,-28.60706,109,0,1,0,13,0,42,32
"alexander bay",2015,16.49218,-28.60706,170,1,1,1,20,0,81,42
"alexander bay",2016,16.49218,-28.60706,154,1,0,3,27,0,60,42
"alexander bay",2017,16.49218,-28.60706,153,0,4,5,15,0,62,43
"alexander bay",2018,16.49218,-28.60706,184,1,2,12,23,1,82,45
"alexander bay",2019,16.49218,-28.60706,170,1,1,6,12,1,73,33
"alexander bay",2020,16.49218,-28.60706,95,1,0,2,5,0,45,14
"alexander bay",2021,16.49218,-28.60706,95,1,1,1,12,0,27,31
"alexander bay",2022,16.49218,-28.60706,111,1,2,0,13,0,42,27
alexandra,2008,28.10089,-26.10548,5887,93,220,863,685,49,1976,2309
alexandra,2009,28.10089,-26.10548,5798,84,180,727,850,55,1925,2324
alexandra,2010,28.10089,-26.10548,5512,73,198,764,847,56,1776,2029
alexandra,2011,28.10089,-26.10548,5470,58,183,775,860,34,1625,2064
alexandra,2012,28.10089,-26.10548,5882,76,226,974,810,55,1709,2062
alexandra,2013,28.10089,-26.10548,7128,78,211,1143,928,86,1771,2191
alexandra,2014,28.10089,-26.10548,6779,68,184,1241,792,143,1760,1914
alexandra,2015,28.10089,-26.10548,6343,65,142,1130,756,106,1888,1885
alexandra,2016,28.10089,-26.10548,5977,71,142,1022,509,107,1812,1636
alexandra,2017,28.10089,-26.10548,6580,90,162,1127,587,120,1749,1940
alexandra,2018,28.10089,-26.10548,6310,87,116,1281,518,131,1700,1905
alexandra,2019,28.10089,-26.10548,6147,95,151,1341,633,130,1672,1949
alexandra,2020,28.10089,-26.10548,5354,79,130,1083,705,134,1454,2044
alexandra,2021,28.10089,-26.10548,6539,137,182,1338,777,201,1596,2473
alexandra,2022,28.10089,-26.10548,6823,123,145,1211,808,163,1559,2650
"alexandra road",2008,30.38773,-29.61901,3922,28,51,322,110,28,1901,426
"alexandra road",2009,30.38773,-29.61901,4177,18,65,388,173,16,2025,605
"alexandra road",2010,30.38773,-29.61901,3959,30,66,323,140,17,2190,605
"alexandra road",2011,30.38773,-29.61901,3922,19,77,360,148,15,2325,589
"alexandra road",2012,30.38773,-29.61901,3643,28,82,406,135,19,2016,576
"alexandra road",2013,30.38773,-29.61901,3194,12,57,298,102,19,1806,440
"alexandra road",2014,30.38773,-29.61901,3071,19,48,238,88,15,1798,362
"alexandra road",2015,30.38773,-29.61901,3533,28,50,291,128,12,2009,475
"alexandra road",2016,30.38773,-29.61901,3783,15,71,369,127,21,2068,485
"alexandra road",2017,30.38773,-29.61901,3894,25,51,478,112,23,2034,484
"alexandra road",2018,30.38773,-29.61901,3822,26,74,365,115,29,2227,510
"alexandra road",2019,30.38773,-29.61901,4025,28,55,451,147,35,2171,560
"alexandra road",2020,30.38773,-29.61901,3141,22,47,484,116,45,1615,467
"alexandra road",2021,30.38773,-29.61901,3362,42,67,504,155,49,1501,550
"alexandra road",2022,30.38773,-29.61901,3594,51,60,653,174,61,1580,618
alexandria,2008,26.412,-33.65057,917,5,15,36,125,0,508,294
alexandria,2009,26.412,-33.65057,882,4,19,46,122,0,454,280
alexandria,2010,26.412,-33.65057,768,5,28,27,98,0,376,234
alexandria,2011,26.412,-33.65057,667,2,32,30,103,1,314,234
alexandria,2012,26.412,-33.65057,791,5,25,47,107,1,403,234
alexandria,2013,26.412,-33.65057,720,4,27,50,86,0,313,219
alexandria,2014,26.412,-33.65057,719,0,35,40,96,0,311,230
alexandria,2015,26.412,-33.65057,682,9,35,60,86,2,278,232
alexandria,2016,26.412,-33.65057,694,5,26,34,67,0,335,205
alexandria,2017,26.412,-33.65057,740,6,20,32,72,0,356,223
alexandria,2018,26.412,-33.65057,726,3,17,52,54,0,420,160
alexandria,2019,26.412,-33.65057,654,5,23,45,59,0,335,173
alexandria,2020,26.412,-33.65057,578,2,21,35,66,0,273,193
alexandria,2021,26.412,-33.65057,540,1,14,29,84,0,214,186
alexandria,2022,26.412,-33.65057,672,5,12,24,72,1,299,210
algoapark,2008,25.57071,-33.90246,3389,25,73,375,130,17,1685,668
algoapark,2009,25.57071,-33.90246,3156,20,63,376,158,15,1575,634
algoapark,2010,25.57071,-33.90246,3211,17,64,337,174,10,1702,624
algoapark,2011,25.57071,-33.90246,3002,22,48,412,171,16,1529,552
algoapark,2012,25.57071,-33.90246,3086,17,55,441,164,17,1559,513
algoapark,2013,25.57071,-33.90246,2960,14,54,387,148,12,1563,466
algoapark,2014,25.57071,-33.90246,3085,22,50,428,161,26,1667,438
algoapark,2015,25.57071,-33.90246,3329,22,38,554,137,24,1766,396
algoapark,2016,25.57071,-33.90246,3219,10,46,511,129,39,1704,367
algoapark,2017,25.57071,-33.90246,2972,26,44,515,103,37,1504,380
algoapark,2018,25.57071,-33.90246,3150,23,52,452,137,31,1583,470
algoapark,2019,25.57071,-33.90246,3073,35,45,531,127,40,1447,463
algoapark,2020,25.57071,-33.90246,2329,46,40,457,83,33,1032,361
algoapark,2021,25.57071,-33.90246,2354,37,36,437,94,35,976,383
algoapark,2022,25.57071,-33.90246,2349,48,33,505,78,54,950,385
alice,2008,26.83583,-32.79033,1588,27,49,100,384,4,614,561
alice,2009,26.83583,-32.79033,1605,14,48,152,395,3,640,555
alice,2010,26.83583,-32.79033,1400,13,45,111,359,3,521,496
alice,2011,26.83583,-32.79033,1489,21,55,146,342,3,623,492
alice,2012,26.83583,-32.79033,1572,15,67,117,310,1,629,442
alice,2013,26.83583,-32.79033,1488,20,57,145,315,1,639,438
alice,2014,26.83583,-32.79033,1466,9,49,158,280,3,671,370
alice,2015,26.83583,-32.79033,1508,19,50,187,299,4,633,412
alice,2016,26.83583,-32.79033,1660,19,44,200,280,3,741,383
alice,2017,26.83583,-32.79033,1627,45,43,240,270,2,659,400
alice,2018,26.83583,-32.79033,1637,25,49,189,265,4,705,396
alice,2019,26.83583,-32.79033,1730,25,45,242,309,3,660,423
alice,2020,26.83583,-32.79033,1364,12,34,130,191,5,567,287
alice,2021,26.83583,-32.79033,1524,22,41,131,282,2,606,419
alice,2022,26.83583,-32.79033,1649,34,37,171,285,3,708,430
alicedale,2008,26.08514,-33.31668,207,2,2,3,54,0,71,97
alicedale,2009,26.08514,-33.31668,197,1,5,10,33,0,83,76
alicedale,2010,26.08514,-33.31668,187,1,2,0,43,0,79,83
alicedale,2011,26.08514,-33.31668,175,1,8,2,31,0,80,67
alicedale,2012,26.08514,-33.31668,154,0,5,4,23,0,57,64
alicedale,2013,26.08514,-33.31668,141,0,1,3,29,0,44,58
alicedale,2014,26.08514,-33.31668,100,0,3,3,14,0,29,40
alicedale,2015,26.08514,-33.31668,145,2,5,2,28,0,38,81
alicedale,2016,26.08514,-33.31668,160,1,3,4,22,0,68,53
alicedale,2017,26.08514,-33.31668,105,1,1,0,15,0,36,34
alicedale,2018,26.08514,-33.31668,109,2,2,0,23,0,39,48
alicedale,2019,26.08514,-33.31668,168,2,2,6,23,0,43,92
alicedale,2020,26.08514,-33.31668,157,1,2,4,18,0,67,59
alicedale,2021,26.08514,-33.31668,137,0,2,3,13,0,54,44
alicedale,2022,26.08514,-33.31668,125,1,4,3,20,0,38,59
"aliwal north",2008,26.71103,-30.68748,1181,9,20,69,230,0,532,354
"aliwal north",2009,26.71103,-30.68748,1117,6,14,51,248,1,465,362
"aliwal north",2010,26.71103,-30.68748,1037,5,18,66,209,0,480,325
"aliwal north",2011,26.71103,-30.68748,1140,7,30,66,200,0,514,342
"aliwal north",2012,26.71103,-30.68748,1087,6,26,50,171,1,478,272
"aliwal north",2013,26.71103,-30.68748,1046,7,24,45,136,0,470,241
"aliwal north",2014,26.71103,-30.68748,1129,5,20,41,176,0,527,288
"aliwal north",2015,26.71103,-30.68748,1153,6,22,63,140,1,622,239
"aliwal north",2016,26.71103,-30.68748,1088,5,30,52,146,2,538,254
"aliwal north",2017,26.71103,-30.68748,1085,6,24,65,123,2,521,246
"aliwal north",2018,26.71103,-30.68748,1250,11,19,62,134,0,642,284
"aliwal north",2019,26.71103,-30.68748,1054,10,18,50,136,0,512,252
"aliwal north",2020,26.71103,-30.68748,999,8,18,47,104,0,494,241
"aliwal north",2021,26.71103,-30.68748,1282,9,36,55,162,0,609,328
"aliwal north",2022,26.71103,-30.68748,1485,4,17,79,184,2,765,342
allanridge,2008,26.64818,-27.75013,692,14,33,38,122,0,279,289
allanridge,2009,26.64818,-27.75013,646,5,22,35,142,0,248,290
allanridge,2010,26.64818,-27.75013,591,5,25,42,119,0,226,249
allanridge,2011,26.64818,-27.75013,675,4,17,32,130,0,278,247
allanridge,2012,26.64818,-27.75013,682,8,38,29,140,0,247,295
allanridge,2013,26.64818,-27.75013,704,7,28,31,141,1,246,286
allanridge,2014,26.64818,-27.75013,726,6,26,47,128,1,241,275
allanridge,2015,26.64818,-27.75013,669,6,21,28,122,1,221,277
allanridge,2016,26.64818,-27.75013,716,2,31,36,128,1,211,309
allanridge,2017,26.64818,-27.75013,567,9,24,36,110,0,155,222
allanridge,2018,26.64818,-27.75013,589,12,36,76,81,0,172,226
allanridge,2019,26.64818,-27.75013,457,10,18,54,93,1,144,202
allanridge,2020,26.64818,-27.75013,367,5,15,27,47,1,129,146
allanridge,2021,26.64818,-27.75013,517,3,17,32,80,1,195,228
allanridge,2022,26.64818,-27.75013,587,7,18,52,72,0,251,204
alldays,2008,29.10417,-22.68226,156,1,4,1,27,0,83,50
alldays,2009,29.10417,-22.68226,209,1,7,7,29,0,105,71
alldays,2010,29.10417,-22.68226,187,1,2,2,43,0,98,65
alldays,2011,29.10417,-22.68226,215,0,4,8,58,0,98,87
alldays,2012,29.10417,-22.68226,206,1,4,4,36,0,87,78
alldays,2013,29.10417,-22.68226,217,0,4,10,21,0,93,55
alldays,2014,29.10417,-22.68226,251,2,4,7,24,0,129,49
alldays,2015,29.10417,-22.68226,225,1,2,4,23,0,125,50
alldays,2016,29.10417,-22.68226,240,1,3,8,32,1,120,51
alldays,2017,29.10417,-22.68226,220,0,2,9,21,0,111,48
alldays,2018,29.10417,-22.68226,231,0,2,13,18,0,113,36
alldays,2019,29.10417,-22.68226,178,0,3,5,25,0,79,52
alldays,2020,29.10417,-22.68226,181,0,5,6,17,0,99,32
alldays,2021,29.10417,-22.68226,206,0,4,10,19,0,108,36
alldays,2022,29.10417,-22.68226,225,0,7,19,22,1,91,46
amalia,2008,25.05068,-27.24996,242,2,6,9,51,0,126,80
amalia,2009,25.05068,-27.24996,239,0,13,19,43,0,115,76
amalia,2010,25.05068,-27.24996,226,1,7,14,41,0,116,64
amalia,2011,25.05068,-27.24996,184,0,5,18,43,0,87,62
amalia,2012,25.05068,-27.24996,185,2,11,4,49,0,95,75
amalia,2013,25.05068,-27.24996,263,1,5,18,60,0,123,83
amalia,2014,25.05068,-27.24996,193,5,5,5,42,0,91,65
amalia,2015,25.05068,-27.24996,226,0,2,10,42,0,113,65
amalia,2016,25.05068,-27.24996,244,1,3,11,35,0,138,58
amalia,2017,25.05068,-27.24996,229,3,4,16,59,0,83,89
amalia,2018,25.05068,-27.24996,170,1,6,10,45,0,62,64
amalia,2019,25.05068,-27.24996,177,0,5,11,39,1,82,59
amalia,2020,25.05068,-27.24996,201,2,5,12,42,0,98,65
amalia,2021,25.05068,-27.24996,182,2,3,9,35,1,85,59
amalia,2022,25.05068,-27.24996,125,0,8,2,25,0,48,51
amangwe,2008,29.61758,-28.94127,539,28,32,34,55,0,230,162
amangwe,2009,29.61758,-28.94127,606,24,32,45,57,0,270,183
amangwe,2010,29.61758,-28.94127,685,15,33,52,102,0,307,210
amangwe,2011,29.61758,-28.94127,676,16,39,66,64,0,294,185
amangwe,2012,29.61758,-28.94127,658,17,42,84,87,0,269,217
amangwe,2013,29.61758,-28.94127,728,7,29,70,68,1,357,164
amangwe,2014,29.61758,-28.94127,623,14,27,45,81,0,336,167
amangwe,2015,29.61758,-28.94127,771,21,42,67,99,0,363,220
amangwe,2016,29.61758,-28.94127,534,15,40,43,45,1,199,126
amangwe,2017,29.61758,-28.94127,709,39,31,44,53,1,203,195
amangwe,2018,29.61758,-28.94127,789,32,38,42,90,1,270,213
amangwe,2019,29.61758,-28.94127,802,44,34,56,86,5,288,228
amangwe,2020,29.61758,-28.94127,731,53,29,59,85,1,317,230
amangwe,2021,29.61758,-28.94127,945,75,57,142,80,2,359,294
amangwe,2022,29.61758,-28.94127,892,42,61,113,87,1,324,281
amanzimtoti,2008,30.88011,-30.05182,3787,16,36,435,69,63,1951,281
amanzimtoti,2009,30.88011,-30.05182,4207,21,39,403,66,62,2179,333
amanzimtoti,2010,30.88011,-30.05182,4115,15,44,308,64,35,2061,309
amanzimtoti,2011,30.88011,-30.05182,4177,20,38,480,72,90,2248,328
amanzimtoti,2012,30.88011,-30.05182,4439,13,34,471,62,80,2581,281
amanzimtoti,2013,30.88011,-30.05182,4226,8,41,381,83,43,2528,304
amanzimtoti,2014,30.88011,-30.05182,3485,30,32,317,68,33,2216,249
amanzimtoti,2015,30.88011,-30.05182,3375,25,27,302,82,37,1964,295
amanzimtoti,2016,30.88011,-30.05182,3222,17,24,318,82,42,1729,268
amanzimtoti,2017,30.88011,-30.05182,3375,16,35,341,92,32,1658,310
amanzimtoti,2018,30.88011,-30.05182,3421,13,30,339,91,42,1727,291
amanzimtoti,2019,30.88011,-30.05182,3383,23,39,367,82,46,1742,304
amanzimtoti,2020,30.88011,-30.05182,2651,17,32,269,75,26,1617,281
amanzimtoti,2021,30.88011,-30.05182,2883,30,26,245,78,17,1699,313
amanzimtoti,2022,30.88011,-30.05182,2903,33,33,377,88,40,1526,349
amersfoort,2008,29.87218,-27.00869,1167,8,26,83,111,1,664,320
amersfoort,2009,29.87218,-27.00869,1238,8,24,70,101,0,675,360
amersfoort,2010,29.87218,-27.00869,1177,10,26,79,99,0,648,336
amersfoort,2011,29.87218,-27.00869,1100,10,22,67,82,0,571,280
amersfoort,2012,29.87218,-27.00869,1018,6,34,83,74,0,513,268
amersfoort,2013,29.87218,-27.00869,1250,8,17,116,97,3,654,270
amersfoort,2014,29.87218,-27.00869,1290,5,26,95,85,0,692,277
amersfoort,2015,29.87218,-27.00869,1347,6,20,92,109,0,691,327
amersfoort,2016,29.87218,-27.00869,1301,6,33,74,87,0,606,340
amersfoort,2017,29.87218,-27.00869,1276,11,24,88,107,0,633,338
amersfoort,2018,29.87218,-27.00869,670,5,9,23,45,0,308,173
amersfoort,2019,29.87218,-27.00869,518,3,7,25,44,1,219,136
amersfoort,2020,29.87218,-27.00869,509,2,8,17,38,2,250,139
amersfoort,2021,29.87218,-27.00869,504,3,12,29,47,0,209,175
amersfoort,2022,29.87218,-27.00869,573,6,7,34,31,0,284,162
amsterdam,2008,30.66041,-26.62306,648,7,12,42,120,0,319,206
amsterdam,2009,30.66041,-26.62306,726,4,8,49,99,0,383,207
amsterdam,2010,30.66041,-26.62306,739,1,22,64,97,0,407,184
amsterdam,2011,30.66041,-26.62306,715,5,17,51,106,4,377,197
amsterdam,2012,30.66041,-26.62306,610,2,17,46,80,1,311,172
amsterdam,2013,30.66041,-26.62306,612,3,13,43,86,3,309,167
amsterdam,2014,30.66041,-26.62306,618,4,20,34,69,0,297,190
amsterdam,2015,30.66041,-26.62306,553,6,13,32,72,0,219,171
amsterdam,2016,30.66041,-26.62306,614,1,13,43,63,1,277,141
amsterdam,2017,30.66041,-26.62306,643,7,24,43,91,0,225,184
amsterdam,2018,30.66041,-26.62306,555,3,24,33,68,0,231,167
amsterdam,2019,30.66041,-26.62306,592,6,19,40,87,0,234,175
amsterdam,2020,30.66041,-26.62306,409,3,18,25,57,0,166,102
amsterdam,2021,30.66041,-26.62306,475,1,21,34,81,0,193,152
amsterdam,2022,30.66041,-26.62306,464,1,16,28,70,0,188,145
apel,2008,29.78591,-24.42233,644,9,25,54,111,1,308,185
apel,2009,29.78591,-24.42233,679,7,24,37,136,2,303,210
apel,2010,29.78591,-24.42233,703,6,19,74,127,5,265,217
apel,2011,29.78591,-24.42233,728,5,26,70,105,2,322,205
apel,2012,29.78591,-24.42233,780,9,24,58,103,5,342,185
apel,2013,29.78591,-24.42233,1015,8,25,108,100,6,432,211
apel,2014,29.78591,-24.42233,1066,7,11,158,109,3,391,195
apel,2015,29.78591,-24.42233,1160,18,26,126,129,7,371,248
apel,2016,29.78591,-24.42233,1304,14,17,135,131,7,481,233
apel,2017,29.78591,-24.42233,1348,14,19,165,127,9,410,241
apel,2018,29.78591,-24.42233,1265,10,37,136,101,5,402,231
apel,2019,29.78591,-24.42233,971,13,22,142,89,4,328,198
apel,2020,29.78591,-24.42233,960,8,30,129,77,3,394,181
apel,2021,29.78591,-24.42233,924,10,31,158,112,7,359,228
apel,2022,29.78591,-24.42233,1125,8,33,149,136,8,491,282
arlington,2008,27.85058,-28.02889,183,2,1,9,27,0,71,65
arlington,2009,27.85058,-28.02889,141,2,1,3,19,0,51,60
arlington,2010,27.85058,-28.02889,140,0,5,2,19,0,60,58
arlington,2011,27.85058,-28.02889,134,0,0,2,16,0,51,50
arlington,2012,27.85058,-28.02889,130,0,3,2,15,0,56,36
arlington,2013,27.85058,-28.02889,151,0,3,4,7,0,49,37
arlington,2014,27.85058,-28.02889,142,2,1,2,15,0,55,29
arlington,2015,27.85058,-28.02889,155,0,1,2,13,0,59,42
arlington,2016,27.85058,-28.02889,107,0,4,4,12,0,28,30
arlington,2017,27.85058,-28.02889,108,0,1,1,13,0,28,28
arlington,2018,27.85058,-28.02889,145,1,3,3,10,0,55,27
arlington,2019,27.85058,-28.02889,134,0,7,2,22,0,55,40
arlington,2020,27.85058,-28.02889,150,1,4,6,21,0,61,45
arlington,2021,27.85058,-28.02889,142,0,2,0,11,0,64,39
arlington,2022,27.85058,-28.02889,158,1,5,1,21,0,59,49
ashton,2008,20.06699,-33.83361,621,5,23,15,106,0,169,227
ashton,2009,20.06699,-33.83361,859,10,27,17,156,0,217,382
ashton,2010,20.06699,-33.83361,954,13,32,33,140,0,246,331
ashton,2011,20.06699,-33.83361,1074,7,40,22,151,0,308,405
ashton,2012,20.06699,-33.83361,1054,5,25,25,152,0,329,363
ashton,2013,20.06699,-33.83361,1192,9,26,15,166,0,377,407
ashton,2014,20.06699,-33.83361,1213,8,25,35,153,0,399,368
ashton,2015,20.06699,-33.83361,1163,7,11,31,152,0,431,333
ashton,2016,20.06699,-33.83361,1222,7,19,24,146,0,430,313
ashton,2017,20.06699,-33.83361,1269,6,9,30,125,0,384,261
ashton,2018,20.06699,-33.83361,1053,8,8,21,138,0,400,280
ashton,2019,20.06699,-33.83361,1025,7,20,42,125,1,422,310
ashton,2020,20.06699,-33.83361,874,5,11,39,134,0,356,314
ashton,2021,20.06699,-33.83361,955,8,10,35,157,0,381,326
ashton,2022,20.06699,-33.83361,1011,13,12,41,127,0,429,321
assen,2008,27.60201,-25.16766,278,0,3,16,15,2,213,24
assen,2009,27.60201,-25.16766,279,1,5,35,10,1,197,23
assen,2010,27.60201,-25.16766,277,3,1,11,18,1,208,33
assen,2011,27.60201,-25.16766,274,3,4,11,14,0,190,28
assen,2012,27.60201,-25.16766,376,1,9,41,14,0,224,32
assen,2013,27.60201,-25.16766,410,5,3,21,42,0,189,67
assen,2014,27.60201,-25.16766,389,2,1,32,22,0,160,34
assen,2015,27.60201,-25.16766,311,0,3,9,21,0,124,36
assen,2016,27.60201,-25.16766,288,2,1,18,16,0,101,27
assen,2017,27.60201,-25.16766,311,0,4,20,17,1,98,35
assen,2018,27.60201,-25.16766,309,2,3,23,6,0,128,15
assen,2019,27.60201,-25.16766,216,0,3,8,13,0,82,20
assen,2020,27.60201,-25.16766,154,2,1,11,8,0,83,21
assen,2021,27.60201,-25.16766,221,1,2,8,15,0,105,32
assen,2022,27.60201,-25.16766,272,2,4,7,10,0,135,29
atamelang,2008,25.37052,-26.50534,562,6,53,35,141,0,211,232
atamelang,2009,25.37052,-26.50534,576,6,58,35,133,0,207,251
atamelang,2010,25.37052,-26.50534,481,10,39,55,118,0,160,206
atamelang,2011,25.37052,-26.50534,521,12,43,78,98,2,189,174
atamelang,2012,25.37052,-26.50534,489,3,44,48,101,0,149,179
atamelang,2013,25.37052,-26.50534,499,4,26,52,107,0,144,165
atamelang,2014,25.37052,-26.50534,521,11,40,53,117,0,168,189
atamelang,2015,25.37052,-26.50534,505,7,38,60,126,0,147,191
atamelang,2016,25.37052,-26.50534,488,12,39,64,86,1,140,155
atamelang,2017,25.37052,-26.50534,563,9,38,41,121,0,172,196
atamelang,2018,25.37052,-26.50534,595,10,39,89,99,3,221,188
atamelang,2019,25.37052,-26.50534,492,6,36,41,114,0,193,187
atamelang,2020,25.37052,-26.50534,368,4,30,34,80,0,114,153
atamelang,2021,25.37052,-26.50534,575,5,34,48,98,0,154,177
atamelang,2022,25.37052,-26.50534,465,5,21,82,89,3,126,161
athlone,2008,18.50724,-33.96157,6475,16,33,555,185,24,3922,635
athlone,2009,18.50724,-33.96157,6881,20,42,515,222,7,3926,807
athlone,2010,18.50724,-33.96157,7234,12,35,479,178,10,4085,697
athlone,2011,18.50724,-33.96157,7392,12,50,612,214,10,4058,711
athlone,2012,18.50724,-33.96157,7648,20,37,754,214,27,4171,820
athlone,2013,18.50724,-33.96157,7995,20,39,712,216,22,4303,866
athlone,2014,18.50724,-33.96157,7854,22,39,779,249,23,3916,998
athlone,2015,18.50724,-33.96157,7283,16,24,659,217,19,3464,860
athlone,2016,18.50724,-33.96157,7296,25,41,659,166,23,3074,802
athlone,2017,18.50724,-33.96157,7485,14,29,677,162,19,3018,776
athlone,2018,18.50724,-33.96157,6705,35,34,671,146,26,2860,754
athlone,2019,18.50724,-33.96157,5725,31,24,798,143,41,2194,726
athlone,2020,18.50724,-33.96157,4484,17,28,423,133,14,1714,695
athlone,2021,18.50724,-33.96157,4909,19,28,440,131,21,1791,783
athlone,2022,18.50724,-33.96157,5124,32,34,595,126,39,1807,780
atlantis,2008,18.49318,-33.56479,4959,26,96,287,323,6,2515,1039
atlantis,2009,18.49318,-33.56479,5239,22,87,357,352,1,2281,1157
atlantis,2010,18.49318,-33.56479,4514,26,88,292,257,0,1817,903
atlantis,2011,18.49318,-33.56479,5012,19,87,335,275,1,1810,910
atlantis,2012,18.49318,-33.56479,5184,38,57,328,253,1,1923,881
atlantis,2013,18.49318,-33.56479,5716,37,63,409,284,1,1998,950
atlantis,2014,18.49318,-33.56479,6597,34,60,565,316,2,2405,1057
atlantis,2015,18.49318,-33.56479,7403,49,73,597,331,3,2794,1160
atlantis,2016,18.49318,-33.56479,7784,62,41,479,265,6,2686,1159
atlantis,2017,18.49318,-33.56479,8060,68,50,413,312,10,2352,1326
atlantis,2018,18.49318,-33.56479,7531,55,42,395,300,4,2155,1284
atlantis,2019,18.49318,-33.56479,5887,62,45,363,266,5,1887,1179
atlantis,2020,18.49318,-33.56479,4508,52,46,215,204,1,1292,1035
atlantis,2021,18.49318,-33.56479,5619,64,58,226,202,3,1376,1095
atlantis,2022,18.49318,-33.56479,5705,44,69,248,246,6,1289,1235
atteridgeville,2008,28.07173,-25.77462,5703,41,138,840,932,56,2536,1478
atteridgeville,2009,28.07173,-25.77462,4474,41,120,595,710,40,1893,1206
atteridgeville,2010,28.07173,-25.77462,4572,45,110,644,711,62,1884,1238
atteridgeville,2011,28.07173,-25.77462,5426,52,114,581,804,44,2474,1423
atteridgeville,2012,28.07173,-25.77462,5875,38,121,606,763,41,2597,1425
atteridgeville,2013,28.07173,-25.77462,6737,24,125,778,668,41,2539,1376
atteridgeville,2014,28.07173,-25.77462,7073,39,92,985,365,74,2798,1279
atteridgeville,2015,28.07173,-25.77462,6910,53,103,1137,387,89,2536,1247
atteridgeville,2016,28.07173,-25.77462,6693,56,101,1113,374,94,2315,1162
atteridgeville,2017,28.07173,-25.77462,6288,59,103,1059,388,113,2048,1236
atteridgeville,2018,28.07173,-25.77462,5127,58,112,762,372,98,1558,1041
atteridgeville,2019,28.07173,-25.77462,4648,48,114,652,297,82,1257,834
atteridgeville,2020,28.07173,-25.77462,3482,82,82,737,244,119,934,728
atteridgeville,2021,28.07173,-25.77462,3606,122,110,688,256,109,948,934
atteridgeville,2022,28.07173,-25.77462,3943,75,114,704,334,115,1165,996
augrabies,2008,20.4225,-28.66908,1,0,0,0,0,0,0,0
augrabies,2009,20.4225,-28.66908,449,8,24,2,79,0,145,205
augrabies,2010,20.4225,-28.66908,438,7,31,4,83,0,100,207
augrabies,2011,20.4225,-28.66908,387,5,29,6,54,0,97,140
augrabies,2012,20.4225,-28.66908,350,8,22,4,75,1,105,145
augrabies,2013,20.4225,-28.66908,281,6,18,1,70,0,97,120
augrabies,2014,20.4225,-28.66908,345,11,20,7,79,0,103,148
augrabies,2015,20.4225,-28.66908,365,8,13,8,65,0,128,130
augrabies,2016,20.4225,-28.66908,353,0,21,3,59,0,150,119
augrabies,2017,20.4225,-28.66908,305,3,18,24,58,0,119,105
augrabies,2018,20.4225,-28.66908,360,4,24,17,69,0,126,132
augrabies,2019,20.4225,-28.66908,307,5,22,12,47,0,146,96
augrabies,2020,20.4225,-28.66908,365,2,12,16,58,0,174,105
augrabies,2021,20.4225,-28.66908,404,3,9,11,59,0,198,106
augrabies,2022,20.4225,-28.66908,421,9,11,24,49,0,184,123
avondale,2008,28.40448,-30.29751,303,11,14,11,83,1,118,131
avondale,2009,28.40448,-30.29751,321,13,15,7,91,0,125,145
avondale,2010,28.40448,-30.29751,277,14,27,5,65,0,123,129
avondale,2011,28.40448,-30.29751,310,8,27,23,70,0,139,121
avondale,2012,28.40448,-30.29751,270,9,21,4,73,0,116,114
avondale,2013,28.40448,-30.29751,265,7,23,1,63,0,104,105
avondale,2014,28.40448,-30.29751,279,10,17,10,88,1,102,122
avondale,2015,28.40448,-30.29751,287,8,22,19,87,0,103,128
avondale,2016,28.40448,-30.29751,297,9,31,15,70,0,117,120
avondale,2017,28.40448,-30.29751,285,15,29,9,84,0,96,135
avondale,2018,28.40448,-30.29751,278,20,30,18,60,0,83,120
avondale,2019,28.40448,-30.29751,243,11,23,9,58,0,95,101
avondale,2020,28.40448,-30.29751,292,17,24,20,48,0,118,101
avondale,2021,28.40448,-30.29751,228,30,29,6,47,0,78,115
avondale,2022,28.40448,-30.29751,254,21,35,6,54,0,89,122
babanango,2008,31.08263,-28.37593,427,8,16,30,81,1,192,135
babanango,2009,31.08263,-28.37593,458,4,20,31,81,0,195,148
babanango,2010,31.08263,-28.37593,389,9,19,31,86,1,139,155
babanango,2011,31.08263,-28.37593,357,5,19,16,56,0,148,116
babanango,2012,31.08263,-28.37593,406,6,13,28,67,0,191,112
babanango,2013,31.08263,-28.37593,478,7,12,22,56,0,228,119
babanango,2014,31.08263,-28.37593,307,11,6,11,46,0,130,87
babanango,2015,31.08263,-28.37593,286,8,12,19,40,0,127,66
babanango,2016,31.08263,-28.37593,267,4,11,17,23,0,114,54
babanango,2017,31.08263,-28.37593,341,9,11,22,39,1,112,67
babanango,2018,31.08263,-28.37593,291,9,15,9,31,0,122,65
babanango,2019,31.08263,-28.37593,357,7,11,25,45,1,112,78
babanango,2020,31.08263,-28.37593,295,7,14,16,43,0,109,78
babanango,2021,31.08263,-28.37593,388,10,18,22,58,1,140,104
babanango,2022,31.08263,-28.37593,268,13,18,22,42,2,91,88
badplaas,2008,30.56857,-25.95836,439,2,15,39,46,2,221,116
badplaas,2009,30.56857,-25.95836,450,2,10,39,37,1,249,98
badplaas,2010,30.56857,-25.95836,444,1,14,51,43,0,210,125
badplaas,2011,30.56857,-25.95836,387,5,8,14,40,1,184,113
badplaas,2012,30.56857,-25.95836,363,4,7,23,41,0,164,94
badplaas,2013,30.56857,-25.95836,329,0,9,21,44,0,155,85
badplaas,2014,30.56857,-25.95836,340,1,5,25,52,0,128,99
badplaas,2015,30.56857,-25.95836,315,2,10,10,51,0,142,89
badplaas,2016,30.56857,-25.95836,403,5,3,26,50,1,191,90
badplaas,2017,30.56857,-25.95836,409,0,10,19,42,1,204,89
badplaas,2018,30.56857,-25.95836,387,4,14,31,40,3,188,84
badplaas,2019,30.56857,-25.95836,385,3,13,35,40,1,199,84
badplaas,2020,30.56857,-25.95836,434,8,9,29,42,0,220,103
badplaas,2021,30.56857,-25.95836,425,4,9,62,49,1,210,103
badplaas,2022,30.56857,-25.95836,423,7,8,74,36,6,198,76
bainsvlei,2008,26.12837,-29.06613,1159,7,24,48,109,0,655,309
bainsvlei,2009,26.12837,-29.06613,1203,8,25,44,97,1,721,274
bainsvlei,2010,26.12837,-29.06613,1203,3,23,31,96,1,692,291
bainsvlei,2011,26.12837,-29.06613,1178,1,35,38,71,3,695,245
bainsvlei,2012,26.12837,-29.06613,1200,7,25,37,83,0,765,252
bainsvlei,2013,26.12837,-29.06613,1258,7,24,45,75,2,825,226
bainsvlei,2014,26.12837,-29.06613,1060,6,19,32,52,2,669,186
bainsvlei,2015,26.12837,-29.06613,1080,4,26,44,52,1,587,160
bainsvlei,2016,26.12837,-29.06613,971,4,12,20,39,0,550,155
bainsvlei,2017,26.12837,-29.06613,1076,3,14,31,55,1,644,157
bainsvlei,2018,26.12837,-29.06613,1182,9,19,26,53,0,719,169
bainsvlei,2019,26.12837,-29.06613,1074,5,18,36,45,1,704,147
bainsvlei,2020,26.12837,-29.06613,839,2,10,38,35,1,461,127
bainsvlei,2021,26.12837,-29.06613,954,4,12,28,36,0,547,160
bainsvlei,2022,26.12837,-29.06613,952,5,17,27,39,1,630,163
balfour,2008,26.67652,-32.53628,151,2,8,9,44,0,65,63
balfour,2009,26.67652,-32.53628,149,2,13,8,53,0,53,72
balfour,2010,26.67652,-32.53628,119,1,4,5,37,0,55,49
balfour,2011,26.67652,-32.53628,136,2,9,5,31,0,59,49
balfour,2012,26.67652,-32.53628,162,2,5,3,46,0,73,62
balfour,2013,26.67652,-32.53628,151,2,13,1,38,0,60,59
balfour,2014,26.67652,-32.53628,152,5,10,9,33,0,56,56
balfour,2015,26.67652,-32.53628,142,5,6,4,37,1,49,55
balfour,2016,26.67652,-32.53628,159,2,8,4,31,0,74,49
balfour,2017,26.67652,-32.53628,166,3,1,1,30,0,88,44
balfour,2018,26.67652,-32.53628,169,2,8,0,35,0,77,57
balfour,2019,26.67652,-32.53628,177,6,7,5,43,0,88,59
balfour,2020,26.67652,-32.53628,163,6,8,5,36,0,68,58
balfour,2021,26.67652,-32.53628,136,4,3,4,38,0,53,52
balfour,2022,26.67652,-32.53628,142,6,8,1,30,0,59,54
"balfour tvl",2008,28.58695,-26.66282,1019,6,45,85,161,12,475,314
"balfour tvl",2009,28.58695,-26.66282,1121,6,35,107,150,6,562,292
"balfour tvl",2010,28.58695,-26.66282,1314,13,47,124,179,11,640,336
"balfour tvl",2011,28.58695,-26.66282,1239,3,42,135,149,14,611,285
"balfour tvl",2012,28.58695,-26.66282,1217,9,35,97,130,4,620,248
"balfour tvl",2013,28.58695,-26.66282,929,11,16,80,98,2,455,192
"balfour tvl",2014,28.58695,-26.66282,1084,3,17,123,133,11,516,225
"balfour tvl",2015,28.58695,-26.66282,1111,7,13,103,125,10,564,222
"balfour tvl",2016,28.58695,-26.66282,1162,6,12,125,115,12,533,213
"balfour tvl",2017,28.58695,-26.66282,1076,5,16,96,107,8,509,209
"balfour tvl",2018,28.58695,-26.66282,1261,5,13,136,126,15,630,234
"balfour tvl",2019,28.58695,-26.66282,1200,8,21,145,122,9,552,228
"balfour tvl",2020,28.58695,-26.66282,1088,7,23,95,91,3,486,197
"balfour tvl",2021,28.58695,-26.66282,1004,5,21,120,96,15,381,175
"balfour tvl",2022,28.58695,-26.66282,945,9,21,87,78,15,380,146
bandelierkop,2008,29.8039,-23.3176,1,0,0,0,0,0,0,0
bandelierkop,2009,29.8039,-23.3176,1,0,0,0,0,0,0,0
bandelierkop,2010,29.8039,-23.3176,1,0,0,0,0,0,0,0
bandelierkop,2011,29.8039,-23.3176,1,0,0,0,0,0,0,0
bandelierkop,2012,29.8039,-23.3176,1,0,0,0,0,0,0,0
bandelierkop,2013,29.8039,-23.3176,13,0,0,0,0,0,0,0
bandelierkop,2014,29.8039,-23.3176,13,0,0,0,0,0,0,0
bandelierkop,2015,29.8039,-23.3176,13,0,0,0,0,0,0,0
bandelierkop,2016,29.8039,-23.3176,13,0,0,0,0,0,0,0
bandelierkop,2017,29.8039,-23.3176,13,0,0,0,0,0,0,0
bandelierkop,2018,29.8039,-23.3176,352,3,10,49,29,3,156,63
bandelierkop,2019,29.8039,-23.3176,368,1,7,56,28,2,156,66
bandelierkop,2020,29.8039,-23.3176,354,1,5,44,30,2,161,57
bandelierkop,2021,29.8039,-23.3176,516,3,10,71,35,11,256,107
bandelierkop,2022,29.8039,-23.3176,366,1,9,22,61,1,133,124
barberton,2008,31.05178,-25.79074,2400,9,53,168,588,6,987,916
barberton,2009,31.05178,-25.79074,2461,31,92,239,504,9,1020,926
barberton,2010,31.05178,-25.79074,2328,8,71,160,436,5,1057,780
barberton,2011,31.05178,-25.79074,2559,9,70,204,418,4,1201,781
barberton,2012,31.05178,-25.79074,2226,9,68,171,318,9,967,678
barberton,2013,31.05178,-25.79074,2036,11,78,150,244,1,896,558
barberton,2014,31.05178,-25.79074,2077,19,48,172,272,1,824,546
barberton,2015,31.05178,-25.79074,1932,14,74,154,206,2,805,441
barberton,2016,31.05178,-25.79074,1864,16,53,170,208,5,772,460
barberton,2017,31.05178,-25.79074,2275,27,48,265,261,10,968,563
barberton,2018,31.05178,-25.79074,2321,19,58,221,264,9,1073,587
barberton,2019,31.05178,-25.79074,2506,33,48,336,287,18,1039,664
barberton,2020,31.05178,-25.79074,2148,27,56,324,248,13,846,596
barberton,2021,31.05178,-25.79074,2342,23,67,410,299,23,969,633
barberton,2022,31.05178,-25.79074,2536,37,52,425,362,15,966,741
"barkly east",2008,27.59774,-30.96913,330,4,10,9,100,1,148,124
"barkly east",2009,27.59774,-30.96913,364,2,13,11,101,0,162,129
"barkly east",2010,27.59774,-30.96913,355,3,10,9,83,0,165,110
"barkly east",2011,27.59774,-30.96913,493,10,17,21,115,0,219,157
"barkly east",2012,27.59774,-30.96913,454,7,15,7,85,0,181,121
"barkly east",2013,27.59774,-30.96913,411,6,16,4,81,0,179,114
"barkly east",2014,27.59774,-30.96913,415,6,13,22,91,0,173,126
"barkly east",2015,27.59774,-30.96913,449,8,14,18,124,0,180,160
"barkly east",2016,27.59774,-30.96913,444,7,26,18,110,0,188,159
"barkly east",2017,27.59774,-30.96913,441,6,13,25,120,1,170,162
"barkly east",2018,27.59774,-30.96913,430,5,23,12,83,0,203,129
"barkly east",2019,27.59774,-30.96913,430,9,15,16,98,0,201,133
"barkly east",2020,27.59774,-30.96913,384,5,16,20,78,0,174,117
"barkly east",2021,27.59774,-30.96913,447,9,20,24,108,0,189,158
"barkly east",2022,27.59774,-30.96913,542,9,17,25,129,0,252,185
"barkly west",2008,24.52533,-28.53715,548,12,18,18,109,0,235,215
"barkly west",2009,24.52533,-28.53715,655,5,23,26,170,0,246,298
"barkly west",2010,24.52533,-28.53715,602,5,11,30,105,0,286,190
"barkly west",2011,24.52533,-28.53715,578,2,22,10,114,0,286,202
"barkly west",2012,24.52533,-28.53715,498,3,17,27,97,0,186,180
"barkly west",2013,24.52533,-28.53715,544,7,20,25,83,0,196,170
"barkly west",2014,24.52533,-28.53715,689,11,23,31,123,0,259,219
"barkly west",2015,24.52533,-28.53715,687,4,16,47,118,0,277,204
"barkly west",2016,24.52533,-28.53715,688,4,13,44,87,0,307,158
"barkly west",2017,24.52533,-28.53715,740,4,17,52,94,1,279,166
"barkly west",2018,24.52533,-28.53715,938,2,17,15,110,0,253,252
"barkly west",2019,24.52533,-28.53715,873,4,6,12,115,0,220,251
"barkly west",2020,24.52533,-28.53715,742,4,12,19,80,0,246,231
"barkly west",2021,24.52533,-28.53715,647,4,17,7,131,0,208,248
"barkly west",2022,24.52533,-28.53715,711,3,12,17,88,0,277,224
barrydale,2008,20.72117,-33.90276,479,1,13,0,85,0,100,162
barrydale,2009,20.72117,-33.90276,504,1,16,0,85,0,98,166
barrydale,2010,20.72117,-33.90276,523,1,15,6,82,0,84,170
barrydale,2011,20.72117,-33.90276,415,4,11,3,60,0,65,155
barrydale,2012,20.72117,-33.90276,434,1,12,2,66,0,78,157
barrydale,2013,20.72117,-33.90276,544,1,6,4,103,0,84,196
barrydale,2014,20.72117,-33.90276,579,2,2,10,98,0,81,194
barrydale,2015,20.72117,-33.90276,596,1,7,12,78,0,102,170
barrydale,2016,20.72117,-33.90276,534,0,8,6,49,0,98,110
barrydale,2017,20.72117,-33.90276,525,2,4,13,67,0,134,158
barrydale,2018,20.72117,-33.90276,425,0,7,12,67,0,136,127
barrydale,2019,20.72117,-33.90276,388,1,8,5,71,0,93,150
barrydale,2020,20.72117,-33.90276,343,2,8,5,51,0,101,126
barrydale,2021,20.72117,-33.90276,355,2,3,7,60,0,103,115
barrydale,2022,20.72117,-33.90276,432,0,16,2,44,0,107,144
batho,2008,26.22531,-29.13468,1135,5,32,121,180,2,351,478
batho,2009,26.22531,-29.13468,994,6,22,123,176,6,310,390
batho,2010,26.22531,-29.13468,934,9,37,101,187,5,261,418
batho,2011,26.22531,-29.13468,923,8,33,100,163,5,269,365
batho,2012,26.22531,-29.13468,1001,7,39,86,166,2,248,409
batho,2013,26.22531,-29.13468,876,2,36,79,140,7,207,368
batho,2014,26.22531,-29.13468,813,9,25,76,122,8,215,306
batho,2015,26.22531,-29.13468,829,16,14,55,117,0,192,317
batho,2016,26.22531,-29.13468,768,9,24,59,93,3,221,227
batho,2017,26.22531,-29.13468,867,8,19,91,111,5,206,309
batho,2018,26.22531,-29.13468,745,13,22,79,116,2,199,307
batho,2019,26.22531,-29.13468,746,10,28,86,123,3,197,319
batho,2020,26.22531,-29.13468,567,3,17,73,85,2,171,201
batho,2021,26.22531,-29.13468,595,8,10,84,95,4,197,227
batho,2022,26.22531,-29.13468,625,5,24,55,94,3,182,272
bathurst,2008,26.83917,-33.50484,450,3,16,12,85,0,255,128
bathurst,2009,26.83917,-33.50484,482,3,17,24,102,1,227,148
bathurst,2010,26.83917,-33.50484,433,4,20,17,80,0,197,149
bathurst,2011,26.83917,-33.50484,330,4,21,12,81,0,119,132
bathurst,2012,26.83917,-33.50484,416,4,25,51,64,4,163,118
bathurst,2013,26.83917,-33.50484,455,7,16,31,72,0,200,120
bathurst,2014,26.83917,-33.50484,362,1,9,25,47,0,172,75
bathurst,2015,26.83917,-33.50484,304,0,11,23,55,0,110,98
bathurst,2016,26.83917,-33.50484,374,4,11,23,65,0,172,102
bathurst,2017,26.83917,-33.50484,385,10,10,14,59,0,165,126
bathurst,2018,26.83917,-33.50484,484,6,17,28,70,0,217,147
bathurst,2019,26.83917,-33.50484,403,5,14,18,59,0,191,131
bathurst,2020,26.83917,-33.50484,398,2,12,22,58,0,205,112
bathurst,2021,26.83917,-33.50484,345,3,11,7,63,0,136,140
bathurst,2022,26.83917,-33.50484,382,1,18,17,61,0,154,140
batlharos,2008,23.34164,-27.30544,595,5,25,56,133,2,204,220
batlharos,2009,23.34164,-27.30544,476,2,17,32,147,0,183,198
batlharos,2010,23.34164,-27.30544,397,4,20,32,125,0,133,177
batlharos,2011,23.34164,-27.30544,535,8,27,57,142,1,239,199
batlharos,2012,23.34164,-27.30544,743,9,31,74,201,0,318,276
batlharos,2013,23.34164,-27.30544,718,4,34,79,184,1,296,251
batlharos,2014,23.34164,-27.30544,661,2,35,63,188,0,266,250
batlharos,2015,23.34164,-27.30544,660,7,43,67,230,1,202,321
batlharos,2016,23.34164,-27.30544,649,5,27,66,213,0,203,287
batlharos,2017,23.34164,-27.30544,623,14,34,76,196,0,150,292
batlharos,2018,23.34164,-27.30544,564,6,30,56,164,3,172,241
batlharos,2019,23.34164,-27.30544,476,7,31,53,144,1,130,217
batlharos,2020,23.34164,-27.30544,492,8,32,50,134,1,148,210
batlharos,2021,23.34164,-27.30544,534,6,21,37,155,2,177,239
batlharos,2022,23.34164,-27.30544,706,4,51,45,120,3,303,256
baviaanskloof,2008,23.98058,-33.53938,40,0,1,0,4,0,16,14
baviaanskloof,2009,23.98058,-33.53938,35,0,0,1,3,0,14,13
baviaanskloof,2010,23.98058,-33.53938,19,0,1,0,3,0,4,5
baviaanskloof,2011,23.98058,-33.53938,19,1,0,0,0,0,7,2
baviaanskloof,2012,23.98058,-33.53938,16,0,0,0,2,0,5,3
baviaanskloof,2013,23.98058,-33.53938,45,0,3,0,5,0,14,11
baviaanskloof,2014,23.98058,-33.53938,42,1,0,2,3,0,12,6
baviaanskloof,2015,23.98058,-33.53938,35,0,0,0,1,0,8,5
baviaanskloof,2016,23.98058,-33.53938,32,0,1,0,1,0,10,4
baviaanskloof,2017,23.98058,-33.53938,37,1,0,0,3,0,4,11
baviaanskloof,2018,23.98058,-33.53938,32,1,0,1,1,0,9,5
baviaanskloof,2019,23.98058,-33.53938,26,0,1,0,2,0,5,7
baviaanskloof,2020,23.98058,-33.53938,29,0,1,0,4,0,4,8
baviaanskloof,2021,23.98058,-33.53938,27,0,0,0,0,0,8,2
baviaanskloof,2022,23.98058,-33.53938,38,0,0,1,3,0,13,4
bayswater,2008,26.23033,-29.08896,1086,1,6,58,25,2,764,116
bayswater,2009,26.23033,-29.08896,1119,2,3,92,18,2,749,118
bayswater,2010,26.23033,-29.08896,1054,1,3,52,16,2,709,92
bayswater,2011,26.23033,-29.08896,941,0,4,38,13,0,695,80
bayswater,2012,26.23033,-29.08896,1029,3,8,33,16,1,727,106
bayswater,2013,26.23033,-29.08896,1527,1,11,40,21,0,881,110
bayswater,2014,26.23033,-29.08896,1371,1,2,51,13,0,959,85
bayswater,2015,26.23033,-29.08896,1066,1,5,18,8,0,697,88
bayswater,2016,26.23033,-29.08896,1089,1,3,33,11,0,619,86
bayswater,2017,26.23033,-29.08896,983,0,10,65,10,1,567,60
bayswater,2018,26.23033,-29.08896,955,1,3,35,5,3,575,74
bayswater,2019,26.23033,-29.08896,803,2,12,23,14,1,548,74
bayswater,2020,26.23033,-29.08896,658,1,12,22,7,0,427,72
bayswater,2021,26.23033,-29.08896,875,2,8,38,11,2,532,83
bayswater,2022,26.23033,-29.08896,1058,0,4,34,9,3,690,79
bayview,2008,30.9117,-29.92278,2082,15,15,587,80,160,727,335
bayview,2009,30.9117,-29.92278,2203,6,17,386,96,107,773,392
bayview,2010,30.9117,-29.92278,2353,12,17,279,110,46,1003,379
bayview,2011,30.9117,-29.92278,2220,9,13,348,109,85,891,387
bayview,2012,30.9117,-29.92278,2157,1,12,397,97,98,940,317
bayview,2013,30.9117,-29.92278,2071,6,10,350,111,43,910,269
bayview,2014,30.9117,-29.92278,1948,13,8,345,96,71,798,237
bayview,2015,30.9117,-29.92278,1747,9,6,284,91,73,654,235
bayview,2016,30.9117,-29.92278,1654,8,8,281,62,70,595,186
bayview,2017,30.9117,-29.92278,1349,9,7,174,47,42,394,157
bayview,2018,30.9117,-29.92278,1387,11,9,244,46,48,478,193
bayview,2019,30.9117,-29.92278,1409,5,6,246,69,28,522,222
bayview,2020,30.9117,-29.92278,957,12,6,189,64,25,357,204
bayview,2021,30.9117,-29.92278,1096,12,10,186,56,33,499,201
bayview,2022,30.9117,-29.92278,1335,19,4,253,56,32,555,262
"beacon bay",2008,27.93836,-32.96884,1512,17,33,71,168,0,898,302
"beacon bay",2009,27.93836,-32.96884,1435,15,28,81,147,1,824,263
"beacon bay",2010,27.93836,-32.96884,1345,10,25,88,137,1,751,254
"beacon bay",2011,27.93836,-32.96884,1464,15,34,94,142,1,795,269
"beacon bay",2012,27.93836,-32.96884,1422,17,34,56,139,1,721,284
"beacon bay",2013,27.93836,-32.96884,1390,21,41,53,133,0,786,262
"beacon bay",2014,27.93836,-32.96884,1579,11,37,96,177,0,829,302
"beacon bay",2015,27.93836,-32.96884,1449,22,29,118,170,1,741,278
"beacon bay",2016,27.93836,-32.96884,1176,20,16,63,140,0,622,243
"beacon bay",2017,27.93836,-32.96884,1214,12,34,102,163,4,649,252
"beacon bay",2018,27.93836,-32.96884,1254,18,36,107,135,4,651,241
"beacon bay",2019,27.93836,-32.96884,1395,17,38,106,125,4,723,258
"beacon bay",2020,27.93836,-32.96884,1192,13,39,94,95,1,609,221
"beacon bay",2021,27.93836,-32.96884,1413,25,32,108,172,4,684,334
"beacon bay",2022,27.93836,-32.96884,1664,20,41,114,168,6,864,354
"beaufort west",2008,22.58486,-32.34946,3763,14,26,148,401,0,1665,996
"beaufort west",2009,22.58486,-32.34946,3844,20,70,211,399,0,1618,1066
"beaufort west",2010,22.58486,-32.34946,4118,15,93,191,420,1,1733,1171
"beaufort west",2011,22.58486,-32.34946,4343,18,61,226,411,0,2050,1108
"beaufort west",2012,22.58486,-32.34946,4277,8,47,280,401,0,2093,1046
"beaufort west",2013,22.58486,-32.34946,4850,27,39,356,465,0,2361,1205
"beaufort west",2014,22.58486,-32.34946,4883,20,54,345,408,0,2219,1220
"beaufort west",2015,22.58486,-32.34946,4630,31,59,340,378,0,2151,1124
"beaufort west",2016,22.58486,-32.34946,4074,21,46,246,333,0,1897,942
"beaufort west",2017,22.58486,-32.34946,3868,22,37,261,387,1,1753,978
"beaufort west",2018,22.58486,-32.34946,3631,11,42,203,408,0,1708,929
"beaufort west",2019,22.58486,-32.34946,3442,17,25,153,326,1,1574,844
"beaufort west",2020,22.58486,-32.34946,2979,11,20,133,276,0,1191,746
"beaufort west",2021,22.58486,-32.34946,2940,14,29,90,287,1,1199,783
"beaufort west",2022,22.58486,-32.34946,3250,14,19,114,308,1,1247,934
bedford,2008,26.08275,-32.68363,449,2,13,34,107,1,171,170
bedford,2009,26.08275,-32.68363,487,7,19,34,108,0,182,190
bedford,2010,26.08275,-32.68363,415,2,20,21,87,0,151,159
bedford,2011,26.08275,-32.68363,363,2,12,13,97,0,120,150
bedford,2012,26.08275,-32.68363,350,7,12,20,75,1,106,135
bedford,2013,26.08275,-32.68363,278,4,12,8,60,0,92,103
bedford,2014,26.08275,-32.68363,365,5,9,21,89,0,117,144
bedford,2015,26.08275,-32.68363,390,4,14,14,83,0,149,127
bedford,2016,26.08275,-32.68363,353,1,14,11,59,0,129,93
bedford,2017,26.08275,-32.68363,387,2,5,18,65,0,143,103
bedford,2018,26.08275,-32.68363,442,2,12,16,73,0,171,106
bedford,2019,26.08275,-32.68363,354,5,9,25,42,0,123,86
bedford,2020,26.08275,-32.68363,292,3,2,10,53,0,133,87
bedford,2021,26.08275,-32.68363,285,4,6,12,51,0,122,101
bedford,2022,26.08275,-32.68363,242,2,6,10,40,0,96,79
bedfordview,2008,28.13719,-26.1796,4402,8,11,648,73,50,2625,347
bedfordview,2009,28.13719,-26.1796,4180,7,8,645,62,45,2430,307
bedfordview,2010,28.13719,-26.1796,3738,6,17,497,93,41,2175,318
bedfordview,2011,28.13719,-26.1796,3247,3,6,394,67,23,1900,288
bedfordview,2012,28.13719,-26.1796,3181,3,12,433,63,25,1942,239
bedfordview,2013,28.13719,-26.1796,3551,8,11,497,50,33,2100,233
bedfordview,2014,28.13719,-26.1796,3878,4,15,542,55,21,2203,241
bedfordview,2015,28.13719,-26.1796,3642,7,9,583,46,35,2039,212
bedfordview,2016,28.13719,-26.1796,3459,5,12,671,52,68,1796,211
bedfordview,2017,28.13719,-26.1796,3318,1,4,521,47,51,1723,222
bedfordview,2018,28.13719,-26.1796,3386,5,14,532,56,46,1874,230
bedfordview,2019,28.13719,-26.1796,3133,7,7,522,44,51,1625,248
bedfordview,2020,28.13719,-26.1796,2574,6,11,591,46,89,1216,211
bedfordview,2021,28.13719,-26.1796,2515,3,8,554,61,72,1133,235
bedfordview,2022,28.13719,-26.1796,2464,6,13,542,52,80,1159,219
bedwang,2008,27.96893,-25.087,309,0,10,32,33,1,107,61
bedwang,2009,27.96893,-25.087,300,2,12,28,38,0,90,79
bedwang,2010,27.96893,-25.087,333,5,15,25,40,0,115,79
bedwang,2011,27.96893,-25.087,506,6,14,32,39,1,272,78
bedwang,2012,27.96893,-25.087,391,0,11,15,36,0,154,65
bedwang,2013,27.96893,-25.087,368,4,10,26,27,0,110,68
bedwang,2014,27.96893,-25.087,379,2,12,44,27,3,118,52
bedwang,2015,27.96893,-25.087,433,2,12,43,39,1,110,85
bedwang,2016,27.96893,-25.087,409,3,11,27,26,1,117,56
bedwang,2017,27.96893,-25.087,472,7,13,37,35,2,97,67
bedwang,2018,27.96893,-25.087,402,1,10,24,43,1,85,75
bedwang,2019,27.96893,-25.087,444,1,17,19,38,1,90,71
bedwang,2020,27.96893,-25.087,246,2,13,34,35,2,72,81
bedwang,2021,27.96893,-25.087,370,2,11,45,39,1,87,112
bedwang,2022,27.96893,-25.087,373,1,12,25,29,0,98,97
bekkersdal,2008,27.69873,-26.28711,1,0,0,0,0,0,0,0
bekkersdal,2009,27.69873,-26.28711,1,0,0,0,0,0,0,0
bekkersdal,2010,27.69873,-26.28711,1,0,0,0,0,0,0,0
bekkersdal,2011,27.69873,-26.28711,1,0,0,0,0,0,0,0
bekkersdal,2012,27.69873,-26.28711,2066,59,95,400,182,30,684,669
bekkersdal,2013,27.69873,-26.28711,2405,62,86,362,196,51,664,646
bekkersdal,2014,27.69873,-26.28711,2427,53,82,394,204,48,702,599
bekkersdal,2015,27.69873,-26.28711,2251,54,82,437,269,50,722,561
bekkersdal,2016,27.69873,-26.28711,2132,43,58,353,249,56,694,491
bekkersdal,2017,27.69873,-26.28711,2058,50,86,308,219,43,551,481
bekkersdal,2018,27.69873,-26.28711,2310,31,84,294,261,35,580,574
bekkersdal,2019,27.69873,-26.28711,2584,56,73,344,224,60,504,649
bekkersdal,2020,27.69873,-26.28711,2138,48,45,372,235,67,465,600
bekkersdal,2021,27.69873,-26.28711,2197,73,96,340,267,57,452,726
bekkersdal,2022,27.69873,-26.28711,2206,69,83,480,282,79,383,730
bela-bela,2008,28.29453,-24.87751,2297,11,47,121,210,3,1438,470
bela-bela,2009,28.29453,-24.87751,2442,11,41,156,208,3,1520,449
bela-bela,2010,28.29453,-24.87751,2105,6,40,111,156,3,1226,353
bela-bela,2011,28.29453,-24.87751,2431,9,50,130,181,1,1318,452
bela-bela,2012,28.29453,-24.87751,2602,14,42,117,164,3,1406,412
bela-bela,2013,28.29453,-24.87751,2627,10,26,100,165,1,1410,382
bela-bela,2014,28.29453,-24.87751,2997,7,29,154,203,0,1576,463
bela-bela,2015,28.29453,-24.87751,2879,10,40,155,220,0,1496,502
bela-bela,2016,28.29453,-24.87751,2936,10,51,190,251,2,1327,559
bela-bela,2017,28.29453,-24.87751,3115,10,40,161,226,5,1226,577
bela-bela,2018,28.29453,-24.87751,2963,9,31,192,214,1,1386,482
bela-bela,2019,28.29453,-24.87751,2274,11,24,157,112,1,1203,301
bela-bela,2020,28.29453,-24.87751,1919,6,30,106,68,0,907,198
bela-bela,2021,28.29453,-24.87751,2051,15,35,126,84,2,816,290
bela-bela,2022,28.29453,-24.87751,2210,12,38,119,71,1,837,283
belfast,2008,30.04588,-25.70144,966,6,18,75,132,2,508,218
belfast,2009,30.04588,-25.70144,921,2,14,67,125,2,503,203
belfast,2010,30.04588,-25.70144,889,5,18,60,116,3,491,200
belfast,2011,30.04588,-25.70144,945,3,12,68,111,1,518,188
belfast,2012,30.04588,-25.70144,1074,5,22,74,102,1,592,184
belfast,2013,30.04588,-25.70144,948,6,9,100,101,2,456,178
belfast,2014,30.04588,-25.70144,1110,5,15,91,80,2,585,178
belfast,2015,30.04588,-25.70144,1150,4,12,111,91,1,616,185
belfast,2016,30.04588,-25.70144,1192,6,16,114,93,3,621,204
belfast,2017,30.04588,-25.70144,1077,2,6,95,65,5,645,139
belfast,2018,30.04588,-25.70144,994,7,9,95,67,0,570,154
belfast,2019,30.04588,-25.70144,1013,9,9,69,62,4,611,176
belfast,2020,30.04588,-25.70144,933,9,6,75,86,1,543,192
belfast,2021,30.04588,-25.70144,1038,7,19,114,110,1,514,242
belfast,2022,30.04588,-25.70144,950,5,11,77,94,3,491,222
belhar,2008,18.64877,-33.94692,2956,5,42,309,165,5,1566,540
belhar,2009,18.64877,-33.94692,3241,8,58,387,176,3,1660,554
belhar,2010,18.64877,-33.94692,3467,11,33,351,198,2,1601,532
belhar,2011,18.64877,-33.94692,3614,14,33,263,160,0,1590,499
belhar,2012,18.64877,-33.94692,3852,26,40,309,159,9,1497,500
belhar,2013,18.64877,-33.94692,4143,34,27,373,158,6,1639,477
belhar,2014,18.64877,-33.94692,4517,30,38,430,173,16,1856,518
belhar,2015,18.64877,-33.94692,4693,36,24,420,164,11,1656,559
belhar,2016,18.64877,-33.94692,4777,19,27,364,180,15,1508,498
belhar,2017,18.64877,-33.94692,4886,26,19,314,126,19,1344,481
belhar,2018,18.64877,-33.94692,938,2,17,15,110,0,253,252
belhar,2019,18.64877,-33.94692,873,4,6,12,115,0,220,251
belhar,2020,18.64877,-33.94692,742,4,12,19,80,0,246,231
belhar,2021,18.64877,-33.94692,647,4,17,7,131,0,208,248
belhar,2022,18.64877,-33.94692,711,3,12,17,88,0,277,224
bell,2008,27.35953,-33.24744,248,4,10,30,49,0,109,78
bell,2009,27.35953,-33.24744,238,6,12,14,43,0,136,67
bell,2010,27.35953,-33.24744,254,5,13,20,49,1,139,72
bell,2011,27.35953,-33.24744,313,4,10,23,46,0,181,75
bell,2012,27.35953,-33.24744,233,3,10,19,40,0,126,58
bell,2013,27.35953,-33.24744,238,4,11,15,29,0,122,53
bell,2014,27.35953,-33.24744,196,3,7,19,27,1,91,45
bell,2015,27.35953,-33.24744,171,5,10,14,20,0,78,41
bell,2016,27.35953,-33.24744,175,3,10,15,16,0,78,40
bell,2017,27.35953,-33.24744,248,3,10,17,25,0,127,49
bell,2018,27.35953,-33.24744,305,2,9,21,29,0,180,50
bell,2019,27.35953,-33.24744,269,7,11,9,32,1,171,58
bell,2020,27.35953,-33.24744,236,4,6,22,21,0,126,45
bell,2021,27.35953,-33.24744,217,7,9,18,32,0,99,65
bell,2022,27.35953,-33.24744,190,4,9,11,29,0,86,61
bellair,2008,30.94137,-29.88968,1246,6,21,162,29,12,657,184
bellair,2009,30.94137,-29.88968,1313,3,19,166,52,27,668,165
bellair,2010,30.94137,-29.88968,1667,4,14,136,56,16,1018,164
bellair,2011,30.94137,-29.88968,2068,2,14,143,40,21,1216,171
bellair,2012,30.94137,-29.88968,2263,3,10,266,45,48,1189,168
bellair,2013,30.94137,-29.88968,1861,7,9,228,68,22,989,186
bellair,2014,30.94137,-29.88968,1655,3,5,163,50,17,915,139
bellair,2015,30.94137,-29.88968,1644,1,6,263,39,38,921,141
bellair,2016,30.94137,-29.88968,1505,6,7,266,34,35,792,127
bellair,2017,30.94137,-29.88968,1503,5,5,274,33,31,733,116
bellair,2018,30.94137,-29.88968,1738,2,7,272,47,44,1040,161
bellair,2019,30.94137,-29.88968,1644,9,6,368,49,44,793,188
bellair,2020,30.94137,-29.88968,1282,3,12,273,17,15,668,130
bellair,2021,30.94137,-29.88968,1465,11,8,249,43,19,785,192
bellair,2022,30.94137,-29.88968,1566,7,7,375,56,46,660,194
bellville,2008,18.6221,-33.90206,9316,5,35,440,126,14,6403,650
bellville,2009,18.6221,-33.90206,9161,9,53,516,157,9,6110,714
bellville,2010,18.6221,-33.90206,9640,3,39,886,164,3,6052,675
bellville,2011,18.6221,-33.90206,10528,19,42,864,177,7,6713,669
bellville,2012,18.6221,-33.90206,9976,10,28,903,153,9,6366,613
bellville,2013,18.6221,-33.90206,10130,11,38,1136,123,18,6511,601
bellville,2014,18.6221,-33.90206,9954,6,32,1105,141,18,6421,633
bellville,2015,18.6221,-33.90206,9527,5,38,949,122,26,5496,567
bellville,2016,18.6221,-33.90206,9082,14,31,925,115,23,5037,522
bellville,2017,18.6221,-33.90206,8668,18,33,1000,97,27,4560,523
bellville,2018,18.6221,-33.90206,8269,10,37,990,103,23,4449,495
bellville,2019,18.6221,-33.90206,7623,17,28,960,90,28,3992,457
bellville,2020,18.6221,-33.90206,5417,22,34,632,69,22,2951,350
bellville,2021,18.6221,-33.90206,5622,18,34,656,74,18,2884,351
bellville,2022,18.6221,-33.90206,6166,9,48,809,64,30,3016,423
"bellville south",2008,18.64655,-33.91541,2052,7,21,119,98,2,1115,312
"bellville south",2009,18.64655,-33.91541,2259,3,33,136,148,0,1116,375
"bellville south",2010,18.64655,-33.91541,2330,4,20,122,134,1,1102,365
"bellville south",2011,18.64655,-33.91541,2611,3,20,133,143,1,1117,323
"bellville south",2012,18.64655,-33.91541,2598,3,20,175,125,3,1038,356
"bellville south",2013,18.64655,-33.91541,2698,3,21,176,117,5,1199,378
"bellville south",2014,18.64655,-33.91541,2719,9,30,176,140,4,1073,380
"bellville south",2015,18.64655,-33.91541,2642,13,19,175,112,1,961,358
"bellville south",2016,18.64655,-33.91541,2326,6,26,146,106,5,836,333
"bellville south",2017,18.64655,-33.91541,2488,13,24,210,121,5,998,369
"bellville south",2018,18.64655,-33.91541,2155,6,10,201,118,4,967,349
"bellville south",2019,18.64655,-33.91541,1998,16,22,204,122,9,858,346
"bellville south",2020,18.64655,-33.91541,1575,2,17,144,77,8,587,263
"bellville south",2021,18.64655,-33.91541,1781,13,27,152,106,5,727,302
"bellville south",2022,18.64655,-33.91541,1873,3,16,213,97,11,727,344
belmont,2008,24.36647,-29.41678,34,0,0,0,4,0,21,6
belmont,2009,24.36647,-29.41678,42,0,0,0,4,0,22,10
belmont,2010,24.36647,-29.41678,58,0,0,0,10,0,29,16
belmont,2011,24.36647,-29.41678,44,0,2,0,1,0,32,4
belmont,2012,24.36647,-29.41678,40,0,0,0,5,0,26,7
belmont,2013,24.36647,-29.41678,36,0,1,0,1,0,14,3
belmont,2014,24.36647,-29.41678,55,1,1,0,4,0,29,6
belmont,2015,24.36647,-29.41678,50,0,2,0,7,0,15,11
belmont,2016,24.36647,-29.41678,39,0,2,0,2,0,16,7
belmont,2017,24.36647,-29.41678,41,0,1,0,2,0,20,5
belmont,2018,24.36647,-29.41678,53,0,0,0,1,0,34,1
belmont,2019,24.36647,-29.41678,33,0,0,0,0,0,16,1
belmont,2020,24.36647,-29.41678,39,0,1,0,1,0,20,4
belmont,2021,24.36647,-29.41678,25,0,0,0,0,0,10,0
belmont,2022,24.36647,-29.41678,31,0,0,0,1,0,17,1
benoni,2008,28.31337,-26.19655,8817,24,82,1286,267,163,5070,946
benoni,2009,28.31337,-26.19655,9355,39,82,1332,287,196,5471,959
benoni,2010,28.31337,-26.19655,9259,29,72,1218,345,174,5140,991
benoni,2011,28.31337,-26.19655,9068,37,90,1159,378,113,5205,1059
benoni,2012,28.31337,-26.19655,8901,29,69,929,271,74,4903,978
benoni,2013,28.31337,-26.19655,8729,46,52,1044,302,95,4511,927
benoni,2014,28.31337,-26.19655,7788,44,69,1102,325,62,3996,948
benoni,2015,28.31337,-26.19655,7006,58,61,1027,330,71,3494,981
benoni,2016,28.31337,-26.19655,7318,55,54,1008,316,61,3476,949
benoni,2017,28.31337,-26.19655,6910,45,59,938,333,61,3121,940
benoni,2018,28.31337,-26.19655,6623,46,70,890,357,62,3175,975
benoni,2019,28.31337,-26.19655,6662,53,61,988,274,74,3124,876
benoni,2020,28.31337,-26.19655,5020,51,59,786,229,50,2411,746
benoni,2021,28.31337,-26.19655,5742,54,56,853,233,68,2671,826
benoni,2022,28.31337,-26.19655,6046,56,76,906,259,68,2673,889
berea,2008,31.00409,-29.84813,3596,10,15,472,28,79,2263,220
berea,2009,31.00409,-29.84813,3451,2,14,486,30,86,2154,221
berea,2010,31.00409,-29.84813,3516,2,19,398,39,69,2191,235
berea,2011,31.00409,-29.84813,4064,4,11,340,32,64,2823,219
berea,2012,31.00409,-29.84813,3863,2,7,302,29,47,2518,189
berea,2013,31.00409,-29.84813,4114,2,6,342,36,34,2899,184
berea,2014,31.00409,-29.84813,3559,2,8,336,26,28,2486,174
berea,2015,31.00409,-29.84813,3261,3,8,383,30,41,2317,155
berea,2016,31.00409,-29.84813,3702,8,8,616,24,129,2409,183
berea,2017,31.00409,-29.84813,3224,5,3,436,22,45,2068,134
